UserID,Role
LZ9TRTZS,Student
QRLKY52P,Student
9ZIOKM1Y,Student
JKHKB1AU,Student
8EJ2KSTV,Student
R5SO076V,Student
URJ7DTFV,Student
2KTIUFG6,Student
399KY63H,Student
6WZWHUEL,Student
K3IDM2BZ,Student
L5OMW5IZ,Student
K0055AJ5,Student
7GFUJI2E,Student
2464S9E7,Student
RZCLT8EN,Student
9UC1BGAT,Student
WBKELZPZ,Student
SICKB694,Student
T8HFYGEY,Student
RVNZEW60,Student
HVIAG3H6,Student
XRB5A8DF,Student
9KU46REG,Student
5EIQGXFS,Student
11NL4JRD,Student
NB4LEQ60,Student
SDMW6OX0,Student
QFLS1PXX,Student
DGAL2N7B,Student
G4S3Z5ZI,Student
R5EC4R0P,Student
MRNJFLN9,Student
NMFL3SZA,Student
MBWQSFTF,Student
HP6CSEGC,Student
SMP55HY1,Student
AEX84DGX,Student
VRU7JL51,Student
