Username,EmployeeID
marquessa.barbee,DGUZW3GF
laquella.barney,709VIEZR
elizameth.bolstein,3HL9CGAH
dan.choedle,PGR0S7V8
ken,justken
les.claypool,PrimusSucks
ferl.conley,PXN72C7Y
okla.crestrunner,BGJFWOU0
broderbund.cumberlaugh,4IIB447E
dale.dooper,YV7Y7C3G
jenner.dvorak,3KTK34CI
deverl.fullerton,3FD60H9W
melda.galarza,KLPMU5HG
lynnel.hauer,7606N9I4
chris.heinswith,5SQ43KH2
mardene.hermann,HK80M5P9
florzell.hodge,34AIY4Q3
nova.jacob,JWRUB59Z
gatobon.knowles,8AI2BJLO
hiroko.korohiko,6FJ4TC3R
contrevey.lance,HWUF6DXE
deezell.libby,QHRGLB22
monterian.madslesen,3JEGB0O7
mads.madslsen,09WA2P12
norvil.mckelvey,IRFDMSZU
irwin.mckirwein,0KKEOC9V
barina.mcqueen,S4TRRY6G
iddawg.moody,F99LHEMJ
lamaradean.neff,I0AZF17S
lachere.neff,Z5ALTIH2
jenemy.nenner,9F5EIBVQ
tefra.ng,6LT478PB
delwin.parry,3YO6RQC2
shansey.peck,6I9IU3BS
murk.ruffin,TEZMK3JL
dalayna.sanderson,BVBCR4TB
berna.schubert,THU8VWBR
lamonte.shannon,J9LL3HYN
pontiac.spearman,T86Z3UI1
erma.stain,Q9I0OHLS
mertyl.stipe,F6QLPBMZ
tiani.templeton,0USFOB6R
tawn.watt,OO30J5KP
ruthal.white,07MI6HWJ
jennabee.xiong,P1H01JKI
