Username,Password
ardean.isbell,LZ9TRTZS
kabe.poole,QRLKY52P
daraca.goetz,9ZIOKM1Y
kaylee.keeling,JKHKB1AU
maunette.valladares,8EJ2KSTV
hikari.matsumatsu,R5SO076V
truss.holm,URJ7DTFV
devar.faulk,2KTIUFG6
aubra.schenk,399KY63H
durfee.laughlin,6WZWHUEL
xysis.tarnekar,K3IDM2BZ
tyler.swarft,L5OMW5IZ
tempest.brackett,K0055AJ5
caaran.benson,7GFUJI2E
arza.durbin,2464S9E7
ekewaka.padilla,RZCLT8EN
glory.churchill,9UC1BGAT
dermus.bradshaw,WBKELZPZ
chupov.saenz,SICKB694
raejeanne.spalding,T8HFYGEY
alema.faircloth,RVNZEW60
shiloah.hoke,HVIAG3H6
leadelle.mckoy,XRB5A8DF
jeffren.getz,9KU46REG
marolyn.bogan,5EIQGXFS
delton.abarca,11NL4JRD
keston.bull,NB4LEQ60
franece.brannon,SDMW6OX0
anadyna.bone,QFLS1PXX
doran.casto,DGAL2N7B
belvin.winkler,G4S3Z5ZI
viane.murdock,R5EC4R0P
lanette.youngblood,MRNJFLN9
benslee.rasmussen,NMFL3SZA
d'monte.sprouse,MBWQSFTF
mint.koester,HP6CSEGC
murwin.burleson,SMP55HY1
shireen.loveless,AEX84DGX
teah.graber,VRU7JL51
