Username,EmployeeID,HashedPassword
marquessa.barbee,DGUZW3GF,$2a$10$.OF9B9DZrQqQlpwlkbcKh.uwR5X/Oi031.DnGfvh1pEPLlwkye8iu
laquella.barney,709VIEZR,$2a$10$PZA4/ex85OiYBLNY/iRmGOxVyXxy3Tnh74.wkh1UEL.ME8RdSk3kW
elizameth.bolstein,3HL9CGAH,$2a$10$kefGF01DTea2Fi.9DQfPwOjKbytFsm3lddq5ZvZqbEwzPS1GDy09S
dan.choedle,PGR0S7V8,$2a$10$JoZKqZwQJEfwwajPq/5tzuKj/gs3Ik620gI/5//s17axrK59uSV0S
ken,PGR0S7V8,$2a$10$EbUWL7HOCUt0pQZ/9a5dQ.NNvQRkEcxlW.F66kmjQ/bqG3VnM13GK
les.claypool,32SWQXZS,$2a$10$RDfc8D8Pn.Qp6Tfp5C2xJOxqwdBr2uub8xkcICz2YzPVk.hHshc42
ferl.conley,PXN72C7Y,$2a$10$m5Q6hbvFKD8VYTeQBWNAuuyDQqb1d6aLOCljljPHxAGvcrAAEu88i
okla.crestrunner,BGJFWOU0,$2a$10$51md6/H44NSedqK6lYwF1.rdMCE78AZfXTZC6LnPi7fmWg6b6zxTa
okla,BGJFWOU0,$2a$10$IvHZ/KmAEskOCSyLlxjtPeZFuY8Uf4tngK30w4S3DusN5yPJoMvzy
broderbund.cumberlaugh,4IIB447E,$2a$10$asB1GzHbM.fQAtitliWmb.I.SEmziTYRk3KCprdGn8quKSsqKEzSu
dale.dooper,YV7Y7C3G,$2a$10$i0wIfFy5cCRAJ8EWSFAtVeNj8MEnDsV0anjNG87ufW10b6wG9XDxy
jenner.dvorak,3KTK34CI,$2a$10$9KE.t4onV5ycmxQAwhN.9.WoirO7IAHMRfp7i2v56OIOOoCYjHcae
deverl.fullerton,3FD60H9W,$2a$10$xB92qAMZLqyRTiBa3qjjDeATUORNi5XqpNAUvCMwAf2aM5GHWvHMK
melda.galarza,KLPMU5HG,$2a$10$2hByfGEcSvk.lIW0DU1WPOpSTdhNONhWO9o1r4pBXfBl/NnOAByWS
lynnel.hauer,7606N9I4,$2a$10$DI2AYyURVVj2aw0NuG9qZe5c3EA4gFjmoKFoQ4usqgJmvWcrOClpq
chris.heinswith,5SQ43KH2,$2a$10$pGElRAizKNJ.qKoO0pWIZOVcc19.zMB9ojDZxDHVrUBjencp2iSTW
mardene.hermann,HK80M5P9,$2a$10$yUr9kVQxZK94b91AjkS9W.CsHBmJ8zvTCzTDG.5Gul3tB1JjhwL0i
florzell.hodge,34AIY4Q3,$2a$10$/UppThm.UWgB8nAkjt6sH.ix5NrWYJqiXfGPsfHqviH9fij0VxseS
nova.jacob,JWRUB59Z,$2a$10$cvoqkU.y/roHr4XISa.uSu1X.lnZSTWDBZq9aIu5QyaIbl.kiFXXe
gatobon.knowles,8AI2BJLO,$2a$10$G9TMaUqwRI3XRNcKHxyz8.DMToQkkyNWcJscS0AXp2jSK.Xnm0D..
hiroko.korohiko,6FJ4TC3R,$2a$10$fqu9a42emybLZMwUM/idXuOLbtO68TDWqTcI1jonbss0i/2quWczG
contrevey.lance,HWUF6DXE,$2a$10$6uJM6WGlqwICH77lm7eUxO8SjUv./0wZ1OlbYKWMRFrD4sMYOcc9a
deezell.libby,QHRGLB22,$2a$10$JgtWDtLjbdOglo52RBexReXDY4QA6MD4YZIzNxYq0wq2.8lYs8DJK
monterian.madslesen,3JEGB0O7,$2a$10$9KerOQvyYcBZ/jkFDljZm.rnoKrzQfqYqcguGvNsmrLkSIp5lA5/C
mads.madslsen,09WA2P12,$2a$10$5RovVB4XueKd3lCznBAyUeTZmCScAzAOqzoOjUxvd5VlL4LJPUavy
norvil.mckelvey,IRFDMSZU,$2a$10$LhcJl6Y6qQXbwYLxfSHNvO8XuXNFYNHUloy05MAb7dmS/WIBHUQi.
irwin.mckirwein,0KKEOC9V,$2a$10$wnM0vBxcVft/a1JFZD3i..CrLwa1LBNAXFz.7VNgqOuM3cBYt/ezy
barina.mcqueen,S4TRRY6G,$2a$10$MKNXlpyNA8e5inLQAZd8huxvMlNi0XZ569ZuYBGuudYcLvMEdpEua
iddawg.moody,F99LHEMJ,$2a$10$HvpnrjOpF1emRgls035yYehyWXhD2fAIeHPybE0KmIojdLntkMymW
lamaradean.neff,I0AZF17S,$2a$10$IiqwmU944vGvnm11WjUkCO4RBOkyTEvoC1hAco7L1ewG2UzER7F1y
lachere.neff,Z5ALTIH2,$2a$10$WNTIetCKBKz5KF0vJ6KNDub2MMkCV7HjINwPtS.Md143A9tDEYPga
jenemy.nenner,9F5EIBVQ,$2a$10$pVDN3wEcqd3bFDka1wPh/OhQ0y/q2L6XtdKKXQ6j6Whd/VbYjO6mu
tefra.ng,6LT478PB,$2a$10$crwyHzwzbo775zTmuo7Zy.livlE5pekDsr1fnJjUQJIxC1spHyzye
delwin.parry,3YO6RQC2,$2a$10$FwVZeukRMicGNASV8GzrVe11I9BOXOEKlVA.Zc2wtv19zI6YO0t16
shansey.peck,6I9IU3BS,$2a$10$sUcBIjtncr12TnkCGCHN0OCPy3LUv.hftZJFCsrkI1zmkGBwVTxaS
murk.ruffin,TEZMK3JL,$2a$10$wa0GwFAsTpCSqT18JQo8YOM/Zx.yrm/feMNuFRaEC.NhrWyHJbmVW
dalayna.sanderson,BVBCR4TB,$2a$10$1NK3WDpjhs8BQZ2K.XSIHOhw9vOFevy9089X5Yoacgg1BVhVMSLhW
berna.schubert,THU8VWBR,$2a$10$9H1A8vIyl7hnafRZztaEcudq0WtG9FUTnVWw.QLyJxX1onlkWIG1u
lamonte.shannon,J9LL3HYN,$2a$10$sCaGx3N4oYy4pfP/8TKTqO0WDaTf1x2N1PJ2FF/p3EhbjKeQ.cGIS
pontiac.spearman,T86Z3UI1,$2a$10$SVSNiZdMs82agzFQxeXKR.SPTy8I7Ar2Z5G6D5fbdRS0NkMvUwiHG
erma.stain,Q9I0OHLS,$2a$10$kw0nWplg.ZyUcym/pFrst.tQEi4/ifjoVbMKw1mtQ0srUmGUDLHLy
mertyl.stipe,F6QLPBMZ,$2a$10$W2hmDR4vc7gnt1/a8KX5SevdC30gvIIGLbLMB4MVDOmGxSHiya49O
tiani.templeton,0USFOB6R,$2a$10$PnpzmpbWdn36Km9HFAnfCuQXE7sl.4iT05GubagJqcIpvrqxbrQFe
tawn.watt,OO30J5KP,$2a$10$Nto5L/oXOzxQdP2q4x/LS.HklIAxPiFwMDNZWWiYCknp5Eol88XO6
ruthal.white,07MI6HWJ,$2a$10$2i8B/I4DnoM4DBj7DRQHLO.oxwuVMSoxRhhLp34iLaVqNSYF2qIaC
jennabee.xiong,P1H01JKI,$2a$10$C.XDVazGt8aEgknBE5HpuuXeKQGLbTn2F2T3zWWESYBOsWppIM2C6
ardean.isbell,LZ9TRTZS,$2a$10$zaozcREbj2XHrNKI7DiH0efHug49q9Yhq8Bcir7wGi/V0O7PyVW1q
kabe.poole,QRLKY52P,$2a$10$guThk4jkhogldxy09PS0su4fjKtHwZjhemQHafp4Kt8GLd2wFWvHG
daraca.goetz,9ZIOKM1Y,$2a$10$POtuhd0pdJkUeJ.IJbZjrOYfVDn1xXd1PdWRyQs.96o0pciLimQ0.
kaylee.keeling,JKHKB1AU,$2a$10$r9aCH70ZDbExQ7pdh9HnUOolG7DpsLbpgPYWrx5JRhPkuwzwM7q4y
maunette.valladares,8EJ2KSTV,$2a$10$s5bYc4gN8lPznQnPRpECg.OTYOpg0Ej10jwm7ALB8fSuWojf29em.
hikari.matsumatsu,R5SO076V,$2a$10$//JLwwvNsLM4y0un7/D4Au7RjnRYv1nwSJJ/lLYh0elT87XxhnPtm
truss.holm,URJ7DTFV,$2a$10$hwEIKe928MIw3IonuKAUa.K11/Qt5C9nX52ErUQT51/4UxkeR1.Ki
devar.faulk,2KTIUFG6,$2a$10$KZNO5lU2cfBppO9pcAYmxuuZ.0dkzWrKgNbAC3JjAYc3.yfqMxQOi
aubra.schenk,399KY63H,$2a$10$wK.aGjbfm0f.uch3bNHWEuSfTKNo.np/2g0kJpysaWJhQ3Fsmp8dC
durfee.laughlin,6WZWHUEL,$2a$10$9NXSFZ9s7q.VpCKhd3FOBeY.4slSsB0JCA2pGDk9.51dLx9U0mXDW
xysis.tarnekar,K3IDM2BZ,$2a$10$Rwgu2T9ZqQfEb2mKGRYCJuIcDn2gtaXHAvhnomI8CXBOFuO0z2fNS
tyler.swarft,L5OMW5IZ,$2a$10$5iwJ6Joa00AXVyyzX/4Kt.lV2QXMVDqcTE58VLJavA/wGgjBezFG6
tempest.brackett,K0055AJ5,$2a$10$6N78gNg8zluGWdHn6C.she7n7PeuDL/N1lHr9J.IztNk.ir/vF/lu
caaran.benson,7GFUJI2E,$2a$10$Q7NfMsoAiq5HaX7z13v07ef3Y5LOH1UqXeO2uoVyCjZfalJriz1KW
arza.durbin,2464S9E7,$2a$10$/VUAWlCKuFuzDgcRGnZAbuiGs0840sTRU/RxdfEqwzb2D9mnN2lda
ekewaka.padilla,RZCLT8EN,$2a$10$azRi0aSOtcyABRHCARGKJe7jYIhuHCqUePP/KwFR8pMA4UUuNYq8m
glory.churchill,9UC1BGAT,$2a$10$OiyREWjzqtlUS3wqzbr4juONL49npu87VkcJtVj504t3u6NdiGslq
dermus.bradshaw,WBKELZPZ,$2a$10$aGMl2W/za//5WAg7yX5XeOP41A/HZl6UcNtLXYUTPZB2SGdNXqxQm
chupov.saenz,SICKB694,$2a$10$CQ.ENX36xasxSMepPKTQBOCZ8AT1diiJUOYbIwxDiNM.pOCAf.ruu
raejeanne.spalding,T8HFYGEY,$2a$10$vjd90rcJvq18ngmzx4gFTuv/ba4/1a80V04j8lzn9vnPJlfbCWqvW
alema.faircloth,RVNZEW60,$2a$10$asDzGVZCEJDDOz2fLgDR2OrYNuR4fhlAKZ/sXeolq6eE0H6q2H6..
shiloah.hoke,HVIAG3H6,$2a$10$vfLwdlbLfMOCJcnah0qR3e3eige78fWsEI32CzttD5WDID9uDsUJC
leadelle.mckoy,XRB5A8DF,$2a$10$H5gUJXJCpo8pzB74bCjUjuRl4m.BhuUlWVgZYvOSY/0j7ffpIuah6
jeffren.getz,9KU46REG,$2a$10$AgObmVjclvQ3BNASw3xZv.QSOeHjm3Y9wgjDXfdI0Eeko0dPxcGXO
marolyn.bogan,5EIQGXFS,$2a$10$ncBarGhJ6eMWh4hdECjTweNRaRxY0drcJqpGlZWzqQP99ZMj7J0Wm
delton.abarca,11NL4JRD,$2a$10$y0tELTR7NcDYSrWif9ub2.U1yMAMkoNle9GdYGOAem8l1UNZx2Fjm
keston.bull,NB4LEQ60,$2a$10$aU7rnalNZ91qnNkGjm1w8uodm7tUgD.wCgX/cpctiQvaA/mPfqv0W
franece.brannon,SDMW6OX0,$2a$10$azEVqDPgo27GfoUFVo6X/ObkNKst.fmF55zVtU4dMF7ooK213ZabC
anadyna.bone,QFLS1PXX,$2a$10$1JLybDCB6rjbQ63MbtVDVOlpNtregVX.BCli7DbNkzd68HSXGVwOG
doran.casto,DGAL2N7B,$2a$10$BSGoDCea4o9e97YD1CEkwe38O1gYAOI6iuasjtfzYhPjV2Do5.JNO
belvin.winkler,G4S3Z5ZI,$2a$10$CtNWlIn4F5roOy7ZoAKJou.Vy.WeRtHjCmRWz30wSqQXw5XHLvvFC
viane.murdock,R5EC4R0P,$2a$10$8zErh1ZTgcD2oMA5g0TdDuk3s9sIEmB7c47BjRZAaXn.FgLOOtccq
lanette.youngblood,MRNJFLN9,$2a$10$iXKGWsfuAgSt2Kgp1yzl/u5weBQ.q599/EV3dYOyDUUfiEY3e6tXO
benslee.rasmussen,NMFL3SZA,$2a$10$5.vTGx0PE9uaTLmriA83qOxHkRTj.vaTRgnRzKsT7szHOIQ6WhWvu
d'monte.sprouse,MBWQSFTF,$2a$10$4xfsS5bb2y1hqSkGXU.Ufu6iCkLyr60zmTJBB5umEJWoxR7UbIduK
mint.koester,HP6CSEGC,$2a$10$HgJi4as82.WeZTttl/Yz1OKO2ixuOtx1ID.wBAy0MnNRBpMxLq4cK
murwin.burleson,SMP55HY1,$2a$10$Qy3.6t/i7hAWcH6.YcjdV.9t09GhI3XyhzRvt8sH8Ie5saobGo26m
shireen.loveless,AEX84DGX,$2a$10$YvEYGtZoQKcOK2MQbONfsOFT46bF6oLzDrX4Cd1sl3CndOgTutIkW
teah.graber,VRU7JL51,$2a$10$aURzuClV364aI6qi51agAu3UJuGkcb7jXA.bEnV8lfbRnVwHlFGl6
bob,VRU7JL51,$2a$10$xQxWtHGWQF.bkZn5kBzZ1.2nWdFYstDI7P1qyb9NJrygdC3XDfCD2