Username,EmployeeID,Password
marquessa.barbee,DGUZW3GF,DGUZW3GF
laquella.barney,709VIEZR,709VIEZR
elizameth.bolstein,3HL9CGAH,3HL9CGAH
dan.choedle,PGR0S7V8,PGR0S7V8
ken,PGR0S7V8,justken
les.claypool,32SWQXZS,PrimusSucks
ferl.conley,PXN72C7Y,PXN72C7Y
okla.crestrunner,BGJFWOU0,BGJFWOU0
okla,BGJFWOU0,homa
broderbund.cumberlaugh,4IIB447E,4IIB447E
dale.dooper,YV7Y7C3G,YV7Y7C3G
jenner.dvorak,3KTK34CI,3KTK34CI
deverl.fullerton,3FD60H9W,3FD60H9W
melda.galarza,KLPMU5HG,KLPMU5HG
lynnel.hauer,7606N9I4,7606N9I4
chris.heinswith,5SQ43KH2,5SQ43KH2
mardene.hermann,HK80M5P9,HK80M5P9
florzell.hodge,34AIY4Q3,34AIY4Q3
nova.jacob,JWRUB59Z,JWRUB59Z
gatobon.knowles,8AI2BJLO,8AI2BJLO
hiroko.korohiko,6FJ4TC3R,6FJ4TC3R
contrevey.lance,HWUF6DXE,HWUF6DXE
deezell.libby,QHRGLB22,QHRGLB22
monterian.madslesen,3JEGB0O7,3JEGB0O7
mads.madslsen,09WA2P12,09WA2P12
norvil.mckelvey,IRFDMSZU,IRFDMSZU
irwin.mckirwein,0KKEOC9V,0KKEOC9V
barina.mcqueen,S4TRRY6G,S4TRRY6G
iddawg.moody,F99LHEMJ,F99LHEMJ
lamaradean.neff,I0AZF17S,I0AZF17S
lachere.neff,Z5ALTIH2,Z5ALTIH2
jenemy.nenner,9F5EIBVQ,9F5EIBVQ
tefra.ng,6LT478PB,6LT478PB
delwin.parry,3YO6RQC2,3YO6RQC2
shansey.peck,6I9IU3BS,6I9IU3BS
murk.ruffin,TEZMK3JL,TEZMK3JL
dalayna.sanderson,BVBCR4TB,BVBCR4TB
berna.schubert,THU8VWBR,THU8VWBR
lamonte.shannon,J9LL3HYN,J9LL3HYN
pontiac.spearman,T86Z3UI1,T86Z3UI1
erma.stain,Q9I0OHLS,Q9I0OHLS
mertyl.stipe,F6QLPBMZ,F6QLPBMZ
tiani.templeton,0USFOB6R,0USFOB6R
tawn.watt,OO30J5KP,OO30J5KP
ruthal.white,07MI6HWJ,07MI6HWJ
jennabee.xiong,P1H01JKI,P1H01JKI
ardean.isbell,LZ9TRTZS,LZ9TRTZS
kabe.poole,QRLKY52P,QRLKY52P
daraca.goetz,9ZIOKM1Y,9ZIOKM1Y
kaylee.keeling,JKHKB1AU,JKHKB1AU
maunette.valladares,8EJ2KSTV,8EJ2KSTV
hikari.matsumatsu,R5SO076V,R5SO076V
truss.holm,URJ7DTFV,URJ7DTFV
devar.faulk,2KTIUFG6,2KTIUFG6
aubra.schenk,399KY63H,399KY63H
durfee.laughlin,6WZWHUEL,6WZWHUEL
xysis.tarnekar,K3IDM2BZ,K3IDM2BZ
tyler.swarft,L5OMW5IZ,L5OMW5IZ
tempest.brackett,K0055AJ5,K0055AJ5
caaran.benson,7GFUJI2E,7GFUJI2E
arza.durbin,2464S9E7,2464S9E7
ekewaka.padilla,RZCLT8EN,RZCLT8EN
glory.churchill,9UC1BGAT,9UC1BGAT
dermus.bradshaw,WBKELZPZ,WBKELZPZ
chupov.saenz,SICKB694,SICKB694
raejeanne.spalding,T8HFYGEY,T8HFYGEY
alema.faircloth,RVNZEW60,RVNZEW60
shiloah.hoke,HVIAG3H6,HVIAG3H6
leadelle.mckoy,XRB5A8DF,XRB5A8DF
jeffren.getz,9KU46REG,9KU46REG
marolyn.bogan,5EIQGXFS,5EIQGXFS
delton.abarca,11NL4JRD,11NL4JRD
keston.bull,NB4LEQ60,NB4LEQ60
franece.brannon,SDMW6OX0,SDMW6OX0
anadyna.bone,QFLS1PXX,QFLS1PXX
doran.casto,DGAL2N7B,DGAL2N7B
belvin.winkler,G4S3Z5ZI,G4S3Z5ZI
viane.murdock,R5EC4R0P,R5EC4R0P
lanette.youngblood,MRNJFLN9,MRNJFLN9
benslee.rasmussen,NMFL3SZA,NMFL3SZA
d'monte.sprouse,MBWQSFTF,MBWQSFTF
mint.koester,HP6CSEGC,HP6CSEGC
murwin.burleson,SMP55HY1,SMP55HY1
shireen.loveless,AEX84DGX,AEX84DGX
teah.graber,VRU7JL51,VRU7JL51
bob,VRU7JL51,bob